
<beans xmlns="http://www.springframework.org/schema/beans"
 xmlns:context="http://www.springframework.org/schema/context"
 xmlns:mvc="http://www.springframework.org/schema/mvc"
 xmlns:xsi="http://www.w3.org/2001/XMLSchema-instance"
 xmlns:tx="http://www.springframework.org/schema/tx"
 xsi:schemaLocation="
 http://www.springframework.org/schema/beans
 http://www.springframework.org/schema/beans/spring-beans-4.0.xsd
 http://www.springframework.org/schema/mvc 
  http://www.springframework.org/schema/mvc/spring-mvc-4.0.xsd
 http://www.springframework.org/schema/tx 
http://www.springframework.org/schema/tx/spring-tx-4.0.xsd
 http://www.springframework.org/schema/context
 http://www.springframework.org/schema/context/spring-context-4.0.xsd">
  <context:component-scan base-package="com.niit." />
 <tx:annotation-driven />
 <bean class="org.springframework.web.servlet.view.InternalResourceViewResolver">
 <property name="prefix"> 
   <value>/WEB-INF/Views/</value>
 </property>
 <property name="suffix"> 
    <value>.jsp</value>
 </property>
 </bean> 
 <mvc:resources mapping="/resources/**" location="/WEB-INF/resources/" cache-period="31556926"/>
<mvc:annotation-driven /> 
</beans>